Year,RGDP,GDP,wages,labor_force,employment,revenue,social_security,medicare,medicaid_and_related,other_mandatory,discretionary,total_non_interest_spending,interest_spending,total_spending,primary_deficit,deficit,debt,medicare_offsetting
1993,10,6.9,3.1,129,120,,,,,,,,,,,,,
1994,10.4,7.3,3.2,131,123,,,,,,,,,,,,,
1995,10.6,7.6,3.4,132,125,,,,,,,,,,,,,
1996,11,8.1,3.6,134,127,,,,,,,,,,,,,
1997,11.5,8.6,3.9,136,130,,,,,,,,,,,,,
1998,12,9.1,4.2,138,131,,,,,,,,,,,,,
1999,12.6,9.6,4.5,139,134,,,,,,,,,,,,,
2000,13.1,10.3,4.8,143,137,,,,,,,,,,,,,
2001,13.3,10.6,5,144,137,,,,,,,,,,,,,
2002,13.5,10.9,5,145,136,,,,,,,,,,,,,
2003,13.9,11.5,5.1,146,138,,,,,,,,,,,,,
2004,14.4,12.2,5.4,147,139,,,,,,,,,,,,,
2005,14.9,13,5.7,149,142,,,,,,,,,,,,,
2006,15.3,13.8,6.1,151,144,,,,,,,,,,,,,
2007,15.6,14.5,6.4,153,146,,,,,,,,,,,,,
2008,15.6,14.8,6.5,154,145,,,,,,,,,,,,,
2009,15.2,14.5,6.2,154,140,,,,,,,,,,,,,
2010,15.6,15,6.4,154,139,,,,,,,,,,,,,
2011,15.9,15.6,6.6,154,140,,,,,,,,,,,,,
2012,16.3,16.3,6.9,155,142,,,,,,,,,,,,,
2013,16.6,16.8,7.1,155,144,,,,,,,,,,,,,
2014,16.9,17.6,7.5,156,146,,,,,,,,,,,,,
2015,17.4,18.2,7.9,157,149,,,,,,,,,,,,,
2016,17.7,18.7,8.1,159,151,,,,,,,,,,,,,
2017,18.1,19.5,8.5,160,153,,,,,,,,,,,,,
2018,18.6,20.5,8.9,162,156,,,,,,,,,,,,,
2019,19,21.4,9.3,164,158,,,,,,,,,,,,,
2020,18.5,21.1,9.5,161,148,,,,,,,,,,,,,
2021,19.6,23.3,10.3,161,153,,,,,,,,,,,,,
2022,20,25.4,11.2,164,158,,,,,,,,,,,,,
2023,20,26.4,11.7,165,158,,,,,,,,,,,,,
2024,20.4,27.6,12.3,166,158,4935.1,1452.5,896.6,677.6,881.4,1740.5,5648.6,870.1,6518.7,-713.7,-1583.8,27898.2,-188.5
2025,21,28.9,12.9,167,159,4996.1,1545.3,940.3,678.5,897,1756.6,5817.6,950.8,6768.5,-821.5,-1772.4,29751.4,-212.1
2026,21.5,30.3,13.4,168,160,5350.6,1640.2,1001.1,689.7,915.1,1791.5,6037.9,1004.8,7042.7,-687.2,-1692,31517.2,-221.5
2027,22,31.6,13.9,169,161,5682.7,1734.2,1073.7,728.8,912,1825.3,6274,1049.2,7323.2,-591.3,-1640.5,33235.2,-241
2028,22.4,32.8,14.5,170,162,5870.1,1831.6,1145.9,769.2,884.6,1860,6491.6,1105.6,7597.3,-621.5,-1727.2,35143.3,-261.4
2029,22.8,34.1,15,170,163,6146.5,1930.5,1225.5,809.5,953.6,1898.9,6817.9,1169.8,7987.3,-671.3,-1840.8,36918.5,-281.9
2030,23.2,35.5,15.6,171,163,6414.2,2032.5,1310.4,851.5,958.7,1936.7,7089.8,1241.1,8330.9,-675.6,-1916.7,38870.8,-307.1
2031,23.7,36.8,16.2,172,164,6655.9,2137.2,1400.1,893.6,975.7,1974.9,7381.5,1328.3,8709.9,-725.7,-2054,40947.3,-332.6
2032,24.1,38.2,16.8,172,165,6889.8,2244.7,1498,942.1,996.9,2015.8,7697.6,1430.5,9128,-807.7,-2238.2,43203.5,-360.6
2033,24.5,39.6,17.4,173,165,7168.2,2355.1,1615.9,990.2,1022.7,2059.5,8043.4,1527.3,9570.6,-875.1,-2402.4,45741.4,-392.6
2034,24.9,41.1,18,174,166,7474.6,2470.4,1739.5,1041.6,1045.7,2105.6,8403.3,1628.3,10031.6,-928.7,-2557,48302.8,-421.9
2035,25.3,42.6,18.6,174,166,7772.4,2571.1,1857.8,1097.1,1069.4,2154.8,8749.7,1733.8,10483.9,-977.3,-2711.1,51000,-451.3
2036,25.7,44.2,19.3,175,167,8091.2,2675.3,1978.3,1154.4,1097.5,2212.9,9118.7,1840.2,10958.9,-1027.5,-2867.7,53858.9,-487.5
2037,26.2,45.8,20,175,167,8418,2774.2,2107.1,1214.3,1126.8,2280.1,9502.9,1956.8,11459.7,-1084.9,-3041.3,56895.8,-523.4
2038,26.6,47.4,20.7,176,168,8750.6,2872,2237.5,1276.3,1157.1,2357.1,9900,2079.2,11979.2,-1149.4,-3228.6,60124.2,-560.7
2039,27,49.2,21.4,176,169,9099.6,2981.5,2369.6,1339.9,1187.3,2444.1,10322.4,2206.5,12528.9,-1222.8,-3429.3,63553.7,-598.9
2040,27.4,50.9,22.2,177,169,9456.3,3088.6,2504.6,1405.6,1218.3,2533.7,10750.8,2344.9,13095.7,-1294.6,-3639.5,67193.2,-638.5
2041,27.9,52.8,22.9,177,169,9820.3,3195.1,2642.5,1472.3,1249.8,2625.9,11185.7,2494.7,13680.4,-1365.3,-3860.1,71053.5,-678.4
2042,28.3,54.7,23.7,177,170,10196.3,3314.7,2781.1,1541.8,1281.6,2720.9,11639.5,2656.3,14295.7,-1443.7,-4100,75153.2,-718.5
2043,28.7,56.6,24.5,178,170,10591.5,3438.9,2925.3,1611.8,1314.1,2819.1,12109.9,2826.6,14936.5,-1518.3,-4345,79498.4,-758.9
2044,29.2,58.6,25.4,178,171,10988.4,3554,3065.5,1686.1,1347.7,2920.8,12573.5,3002.7,15576.2,-1585.1,-4587.8,84085.9,-803.6
2045,29.6,60.7,26.3,178,171,11408,3679.6,3212.5,1759.3,1382,3026.1,13059.5,3189.6,16249.2,-1651.5,-4841.1,88926.5,-847.4
2046,30,62.9,27.2,179,171,11843.7,3814.2,3363.7,1836.2,1417.1,3135.2,13565.7,3389.3,16955.6,-1721.9,-5111.3,94038,-893.4
2047,30.5,65.1,28.1,179,172,12296.3,3957.1,3520.2,1915.7,1452.9,3248.3,14094.9,3604.7,17699,-1798,-5402.7,99441.3,-940.2
2048,31,67.4,29.1,180,172,12773.4,4102.8,3682.5,1996.6,1490.2,3365.6,14638.4,3833.4,18471.8,-1865,-5698.4,105139.2,-989.4
2049,31.4,69.8,30.1,180,173,13251.3,4253.2,3845.5,2080.2,1529.1,3487.2,15195.2,4075.4,19270.6,-1943.8,-6019.2,111158.9,-1037.9
2050,31.9,72.3,31.2,181,173,13759.3,4406.2,4008.3,2165.8,1568.8,3613.3,15762.4,4334.5,20096.1,-2003,-6336.8,117495.9,-1085.8
2051,32.4,74.9,32.2,181,173,14291.3,4575.5,4172.3,2253.2,1609.5,3743.9,16354.4,4612.3,20966.7,-2062.4,-6674.7,124170.8,-1138.1
2052,32.9,77.5,33.4,181,174,14847.4,4751.7,4349.1,2342.5,1650.9,3879,16972.3,4905.7,21878.1,-2124.9,-7030.7,131201,-1187.9
2053,33.3,80.2,34.5,182,174,15420.8,4929.7,4515.8,2435.2,1693.1,4018.9,17592.7,5214.3,22807,-2171.9,-7386.3,138588,-1243.9
2054,33.82860233,83.00033253,35.69609057,181.9366191,174.5336728,16024.1,5114.9,4688.8,2532.3,1737.1,4163.7,18236.8,5536.8,23773.7,-2213.5,-7750.4,146337.8,-1303.2
2055,34.32240922,85.90562055,36.92423039,182.2728585,174.8770197,16651.06814,5307.183744,4868.315708,2633.311693,1782.180404,4313.732825,18904.48748,5879.338602,24781.26255,-2255.945728,-8132.48847,154520.9005,-1365.374711
2056,34.82342436,88.91260332,38.19462492,182.6097193,175.221042,17302.53684,5506.657392,5054.745092,2738.327067,1828.447875,4469.154349,19596.59703,6243.014806,25831.56015,-2299.157808,-8533.420701,163161.5997,-1430.472983
2057,35.33175297,92.0248405,39.50872793,182.9472026,175.5657412,17979.49408,5713.628376,5248.313683,2847.53041,1875.916503,4630.17563,20314.04529,6629.186803,26926.37224,-2343.197604,-8954.118918,172285.4808,-1498.675007
2058,35.84750182,95.24601634,40.86804323,183.2853097,175.9111184,18682.93709,5928.378487,5449.294873,2961.088737,1924.617473,4796.998422,21057.75995,7039.246107,28067.58545,-2388.080972,-9395.557586,181919.5628,-1570.128765
2059,36.37077922,98.57994407,42.27412638,183.6240416,176.257175,19413.90213,6151.200108,5657.972524,3079.175722,1974.582775,4969.831752,21828.70265,7474.670306,29257.16639,-2433.82407,-9858.75921,192092.3759,-1644.989291
2060,36.90169507,102.0305704,43.72858645,183.9633995,176.6039124,20173.46599,6382.396612,5874.641368,3201.971967,2025.845235,5148.892176,22627.87022,7937.028389,30497.16502,-2480.443365,-10344.79671,202834.0454,-1723.419014
2061,37.44036087,105.6019801,45.23308786,184.3033846,176.951332,20962.74759,6622.282773,6099.607421,3329.665276,2078.438528,5334.404052,23456.296,8427.986395,31789.71819,-2527.955641,-10854.79588,214176.3815,-1805.588106
2062,37.98688974,109.298401,46.78935231,184.643998,177.299435,21782.90962,6871.185198,6333.188421,3462.45094,2132.397204,5526.599824,24315.05117,8949.31342,33137.05328,-2576.378003,-11389.93805,226152.973,-1891.674851
2063,38.54139647,113.124209,48.39916072,184.985241,177.6482227,22635.16027,7129.442768,6575.714274,3600.532042,2187.75671,5725.720309,25205.2461,9502.88799,34541.49212,-2625.727883,-11951.46277,238799.287,-1981.866037
2064,39.10399751,117.083933,50.06435531,185.3271145,177.9976967,23520.75501,7397.407103,6827.527516,3744.11976,2244.553413,5932.014999,26128.03183,10090.70483,36005.45491,-2676.023048,-12540.67069,252152.774,-2076.357354
2065,39.67481102,121.1822605,51.78684166,185.6696199,178.3478581,24440.99842,7675.443035,7088.983803,3893.433697,2302.824624,6145.742379,27084.60154,10714.88205,37531.46445,-2727.281605,-13158.9266,266252.9784,-2175.353823
2066,40.25395687,125.4240432,53.56859091,186.0127583,178.6987083,25397.24611,7963.929113,7360.45241,4048.702211,2362.608623,6367.170245,28076.19208,11377.66878,39122.15044,-2779.522006,-13807.66257,281141.6564,-2279.070242
2067,40.8415567,129.8143023,55.41164204,186.3565309,179.0502488,26390.90674,8263.258112,7642.316753,4210.162769,2423.944684,6596.576039,29104.08561,12081.45329,40780.25404,-2832.763059,-14488.38127,296862.8986,-2387.731647
2068,41.43773391,134.3582352,57.31810416,186.7009387,179.4024808,27423.44408,8573.837568,7934.974931,4378.062306,2486.873101,6834.247204,30169.61121,12828.77154,42508.63261,-2887.023932,-15202.65945,313463.2615,-2501.573805
2069,42.04261371,139.0612208,59.29015895,187.0459831,179.7554058,28496.37917,8896.090337,8238.840287,4552.657608,2551.435212,7080.481536,31274.14662,13622.31641,44310.26458,-2942.324158,-15952.15159,330991.905,-2620.843724
2070,42.65632313,143.9288266,61.33006316,187.3916652,180.109025,29611.29258,9230.455168,8554.341995,4734.215697,2617.67343,7335.587561,32419.12001,14464.9473,46188.25463,-2998.683646,-16738.59374,349500.7378,-2745.80019
2071,43.27899107,148.9668147,63.44015119,187.7379861,180.4633399,30769.82667,9577.387299,8881.925661,4923.014247,2685.63127,7599.884922,33606.01187,15359.70051,48145.83904,-3056.122686,-17563.80754,369044.5715,-2876.714324
2072,43.91074828,154.1811493,65.62283772,188.0849471,180.8183518,31973.68812,9937.35908,9222.053958,5119.342005,2755.353374,7873.704778,34836.35686,16309.80017,50186.39121,-3114.661956,-18429.70444,389681.2824,-3013.870175
2073,44.55172746,159.5780029,67.88062056,188.4325493,181.174062,33224.65032,10310.86061,9575.207275,5323.499232,2826.885545,8157.390219,36111.74583,17318.66981,52313.42757,-3174.322532,-19338.29011,411471.9836,-3157.565337
2074,45.20206322,165.1637644,70.21608341,188.7807938,181.5304721,34524.5561,10698.40042,9941.884397,5535.798164,2900.274774,8451.296698,37433.82789,18389.94475,54530.61353,-3235.125891,-20291.66912,434481.2054,-3308.111591
2075,45.86189213,170.9450461,72.6318989,189.129682,181.8875833,35875.32035,11100.50615,10322.60321,5756.563489,2975.569272,8755.792472,38804.31252,19527.48517,56841.76989,-3297.093924,-21292.04978,458777.0866,-3465.835581
2076,46.53135278,176.9286919,75.13083159,189.479215,182.245397,37278.9329,11517.72526,10717.90144,5986.132843,3052.818503,9071.259069,40224.97176,20735.39003,59250.87938,-3360.248938,-22341.74928,484431.5762,-3631.079529
2077,47.21058575,183.1217853,77.71574117,189.8293939,182.6039146,38737.46143,11950.62579,11128.33738,6224.857328,3132.073214,9398.091761,41697.64256,22018.01184,61762.0935,-3424.613672,-23443.19903,511520.6468,-3804.20197
2078,47.89973371,189.5316576,80.38958571,190.1802201,182.9631374,40253.0545,12399.79715,11554.49074,6473.102046,3213.385468,9736.700064,43224.2291,23379.97235,64379.73974,-3490.211295,-24598.95032,540124.5189,-3985.578535
2079,48.59894138,196.1658967,83.15542506,190.5316945,183.323067,41827.94476,12865.85088,11996.9634,6731.246659,3296.808684,10087.50825,44806.70529,24826.17917,67108.32897,-3557.065425,-25811.68024,570327.8993,-4175.602763
2080,49.30835561,203.0323563,86.01642434,190.8838186,183.6837046,43464.45219,13349.42151,12456.38029,6999.685972,3382.397662,10450.95586,46447.1173,26361.84351,69952.56327,-3625.20013,-27084.19782,602220.2313,-4374.686957
2081,50.02812538,210.1391648,88.97585756,191.2365934,184.0450517,45164.98754,13851.16743,12933.3903,7278.830533,3470.20863,10827.4983,48147.5862,27992.4989,72917.34399,-3694.639937,-28419.4506,635895.96,-4583.263078
2082,50.75840186,217.4947353,92.0371114,191.5900202,184.4071096,46932.0559,14371.77178,13428.66713,7569.107264,3560.299273,11217.60737,49910.31072,29724.02117,76007.78022,-3765.409847,-29820.53144,671454.8115,-4801.783682
2083,51.49933842,225.1077753,95.20368904,191.9441001,184.7698798,48768.26034,14911.94334,13942.91031,7870.960109,3652.728773,11621.77186,51737.57011,31562.64962,79229.19758,-3837.535337,-31290.68565,709002.0889,-5030.722902
2084,52.25109066,232.987297,98.47921418,192.2988345,185.1333636,50676.30581,15472.41757,14476.84614,8184.85072,3747.557851,12040.49819,53631.72703,33515.00946,82587.1474,-3911.042372,-32833.31857,748648.9833,-5270.577474
2085,53.01381647,241.1426282,101.8674352,192.6542244,185.4975625,52659.00305,16053.95756,15031.22874,8511.259157,3844.848801,12474.31101,55595.23067,35588.13575,86087.41631,-3985.957417,-34452.00339,790512.904,-5521.867822
2086,53.78767604,249.5834231,105.3722295,193.0102711,185.8624778,54719.27281,16657.35508,15606.8411,8850.684628,3944.665537,12923.75387,57630.61986,37789.4987,89736.03618,-4062.307441,-36150.48949,834717.8255,-5785.139179
2087,54.57283188,258.319674,108.9976078,193.3669759,186.228111,56860.15009,17283.43165,16204.49621,9203.646244,4047.073631,13389.38992,59740.5264,40127.03058,93539.29452,-4140.11993,-37932.71106,881394.6549,-6060.962776
2088,55.36944888,267.3617228,112.7477188,193.7243398,186.5944635,59084.78863,17933.03967,16825.03819,9570.683823,4152.140359,13871.8026,61927.67844,42609.15436,97503.74534,-4219.422899,-39802.79628,930681.6195,-6349.937077
2089,56.17769437,276.7202733,116.6268541,194.0823642,186.9615367,61396.46557,18607.06361,17469.34347,9952.358708,4259.93474,14371.59635,64194.90399,45244.81401,101636.2204,-4300.244896,-41765.07683,982724.6763,-6652.689082
2090,56.99773806,286.4064043,120.6394527,194.4410503,187.329332,63798.58627,19306.42112,18138.32205,10349.25463,4370.527589,14889.39741,66545.13461,48043.50675,105943.8411,-4382.615018,-43824.09794,1037677.944,-6969.875683
2091,57.8297522,296.4315822,124.7901066,194.8003993,187.6978508,66294.68932,20032.06441,18832.91879,10761.97859,4483.991557,15425.85456,68981.40921,51015.31724,110434.0305,-4466.562919,-45984.62893,1095704.159,-7302.185092
2092,58.67391151,306.8076746,129.0835656,195.1604124,188.0670946,68888.45174,20784.98143,19554.11471,11191.16182,4600.40118,15981.63999,71506.8779,54170.95399,115114.5264,-4552.118822,-48251.67425,1156975.16,-7650.338333
2093,59.53039328,317.5469649,133.5247429,195.5210908,188.4370648,71583.69445,21566.19728,20302.92842,11637.46069,4719.832933,16557.45007,74124.80618,57521.78786,119993.3944,-4639.313527,-50630.48505,1221672.391,-8015.090808
2094,60.3993774,328.662166,138.1187209,195.8824359,188.8077628,74384.38782,22376.7756,21080.41753,12101.55777,4842.365272,17154.00629,76838.57907,61079.8931,125079.0423,-4728.178424,-53126.57138,1289987.445,-8397.233935
2095,61.28104634,340.1664362,142.8707567,196.2444487,189.1791901,77294.65759,23217.81998,21887.68015,12584.16286,4968.078694,17772.05611,79651.70551,64858.09081,130380.2338,-4818.745507,-55745.71494,1362122.629,-8797.596864
2096,62.1755853,352.0733942,147.7862885,196.6071305,189.551348,80318.79091,24090.47551,22725.85642,13086.01403,5097.055781,18412.37394,82567.82293,68869.99519,135906.1042,-4911.04738,-58493.98246,1438291.562,-9217.048278
2097,63.08318212,364.3971353,152.8709413,196.9704827,189.924238,83461.24265,24995.93032,23596.13018,13607.87882,5229.381263,19075.76209,85590.70191,73130.06254,141666.1762,-5005.117272,-61377.73974,1518719.807,-9656.498278
2098,64.00402742,377.1522484,158.1305338,197.3345063,190.2978616,86726.642,25935.41718,24499.73058,14150.55536,5365.142069,19763.05177,88724.2511,77653.6434,147670.3757,-5100.989049,-64403.66646,1603645.542,-10116.90035
2099,64.93831459,390.353833,163.5710849,197.6992027,190.6722202,90119.79924,26910.21522,25437.93384,14714.87361,5504.427382,20475.10413,91972.52221,82457.03783,153929.0496,-5198.697227,-67578.77157,1693320.265,-10599.25346
2100,65.88623985,404.017517,169.1988206,198.0645731,191.0473153,93645.71288,27921.65161,26412.06506,15301.69664,5647.328704,21212.81136,95339.71532,87557.55416,160452.9832,-5298.27698,-70910.40958,1788009.534,-11104.60417
2101,66.84800228,418.1594754,175.0201811,198.4306188,191.4231482,97309.57697,28971.10345,27423.50009,15911.92193,5793.93991,21977.09779,98830.18427,92973.57135,167253.419,-5399.764159,-74406.29756,1887993.76,-11634.04897
2102,67.82380386,432.7964494,181.0418281,198.797341,191.7997205,101116.7888,30059.99955,28473.66744,16546.48275,5944.357313,22768.92106,102448.4423,98724.60524,174342.0758,-5503.195299,-78074.53306,1993569.034,-12188.73662
2103,68.81384953,447.9457663,187.2706524,199.1647409,192.1770336,105072.9568,31189.82246,29564.05036,17206.34959,6098.679726,23589.27331,106199.1678,104831.3788,181731.1692,-5608.607638,-81923.61282,2105048.002,-12769.87064
2104,69.81834721,463.6253597,193.7137823,199.5328197,192.555089,109183.9088,32362.11043,30696.18887,17892.53165,6257.008528,24439.18242,110087.2107,111315.897,189433.4326,-5716.039123,-85962.45247,2222760.795,-13378.71194
2105,70.83750786,479.8537911,200.3785909,199.9015789,192.933888,113455.7007,33578.45954,31871.68198,18606.07836,6419.44773,25319.71331,114117.5981,118201.5257,197462.1389,-5825.528432,-90200.40718,2347056.003,-14016.58154
2106,71.87154552,496.6502716,207.2727052,200.2710195,193.3134323,117894.6254,34840.52586,33092.18994,19348.08101,6586.104041,26231.96926,118295.5415,125513.0764,205831.1238,-5937.114981,-94647.29335,2478301.712,-14684.86346
2107,72.92067736,514.0346849,214.4040145,200.641143,193.6937232,122507.2219,36150.02768,34359.43655,20119.67443,6757.086944,27177.09331,122626.443,133276.8952,214554.8091,-6050.838943,-99313.41131,2616886.588,-15385.0077
2108,73.98512372,532.0276105,221.7806797,201.0119504,194.0747622,127300.285,37508.74791,35675.21165,20922.03866,6932.508762,28156.26969,127115.9025,141520.9577,223648.228,-6166.74126,-104209.5692,2763221.032,-16118.53338
2109,75.06510813,550.6503484,229.4111424,201.3834431,194.4565508,132280.8755,38918.53644,37041.37361,21756.40085,7112.484733,29170.72528,131769.725,150274.9704,233127.0508,-6284.863656,-109347.108,2917738.394,-16887.03207
2110,76.16085742,569.9249442,237.3041344,201.7556224,194.8390905,137456.3302,40381.31272,38459.85197,22624.03706,7297.13309,30221.73116,136593.9279,159570.477,243007.6121,-6405.248657,-114737.9278,3080896.258,-17692.1712
2111,77.27260172,589.874215,245.4686884,202.1284896,195.2223827,142834.2733,41899.0683,39932.65015,23526.27423,7486.575132,31310.60424,141594.749,169440.9726,253306.9385,-6527.939603,-120394.5154,3253177.794,-18535.69771
2112,78.40057449,610.5217767,253.9141475,202.5020458,195.606429,148422.627,43473.86963,41461.8483,24464.49225,7680.935309,32438.70884,146778.6545,179922.0239,264042.7785,-6652.980664,-126329.9732,3435093.191,-19419.44185
2113,79.54501265,631.8920718,262.6501764,202.8762924,195.9912307,154229.6235,45107.8608,43049.60622,25440.12601,7880.341302,33607.45845,152152.3472,191051.398,275233.6327,-6780.416855,-132558.0494,3627181.168,-20345.32109
2114,80.70615654,654.0103985,271.6867722,203.2512307,196.3767895,160263.8173,46803.2665,44698.16643,26454.66764,8084.924106,34818.3175,157722.7755,202869.1979,286898.7859,-6910.294055,-139093.1702,3830010.569,-21315.34437
2115,81.88425001,676.9029402,281.034276,203.6268619,196.7631067,166534.0974,48562.39502,46409.85732,27509.66877,8294.818117,36072.80317,163497.1419,215418.0074,299058.3402,-7042.65902,-145950.4729,4044182.047,-22331.61636
2116,83.07954048,700.596797,290.7033849,204.0031872,197.1501839,173049.7005,50387.64144,48187.09643,28606.7429,8510.16122,37372.48729,169482.9128,228743.0442,311733.2496,-7177.559404,-153145.841,4270329.841,-23396.34213
2117,84.292279,725.1200178,300.7051638,204.3802081,197.5380225,179820.2249,52281.49082,50032.39391,29747.56789,8731.09488,38718.99835,175687.828,242892.3232,324945.3563,-7315.04377,-160695.9414,4509123.66,-24511.83184
2118,85.52272024,750.501633,311.0510583,204.7579258,197.9266242,186855.6443,54246.52166,51948.35601,30933.88851,8957.764234,40114.02349,182119.9104,257916.8292,338717.4281,-7455.161616,-168618.2621,4761270.661,-25680.50582
2119,86.77112263,776.7716892,321.752908,205.1363415,198.3159902,194166.3226,56285.40934,53937.68879,32167.5191,9190.318187,41559.31066,188787.4769,273870.7008,353073.198,-7597.963384,-176931.1539,5027517.543,-26904.89979
2120,88.03774834,803.9612848,332.8229594,205.5154566,198.7061223,201763.0293,58400.92983,56003.20193,33450.34636,9428.909511,43056.67076,195699.1488,290811.4256,368037.4046,-7743.500484,-185653.8717,5308652.761,-28187.67035
2121,89.32286339,832.1026069,344.273881,205.8952723,199.0970218,209656.9552,60595.96341,58147.81273,34784.33224,9673.694943,44607.97996,202863.8629,308800.0468,383635.8352,-7891.825311,-194806.6201,5605508.863,-29531.60078
2122,90.62673768,861.2289689,356.1187765,206.27579,199.4886904,217859.7289,62873.49863,60374.55018,36171.51693,9924.835288,46215.18201,210290.8833,327901.384,399895.3698,-8042.991264,-204410.5997,5918964.947,-30939.60707
2123,91.94964503,891.3748505,368.371201,206.6570109,199.8811294,226383.434,65236.63636,62686.55928,37614.02195,10182.49553,47880.29071,217989.8133,348184.2659,416844.028,-8197.052763,-214488.056,6249949.273,-32414.74422
2124,93.29186329,922.5759384,381.0451755,207.0389364,200.2743404,235240.6268,67688.59402,65087.10545,39114.05348,10446.84493,49605.39239,225970.6078,369721.779,434511.0166,-8354.065271,-225062.3317,6599442.008,-33960.21289
2125,94.65367433,954.8691683,394.1552037,207.4215677,200.668325,244444.3549,70232.70997,67579.57917,40673.90565,10718.05714,51392.64859,234243.586,392591.5306,452926.7804,-8514.085315,-236157.9199,6968478.129,-35579.36634
2126,96.03536416,988.2927688,407.7162883,207.8049061,201.0630846,254008.1765,72872.44802,70167.50076,42295.96406,10996.31034,53244.29868,242819.4451,416875.9284,472123.0546,-8677.170504,-247800.5213,7358150.489,-37275.71771
2127,97.43722296,1022.886307,421.743948,208.188953,201.4586209,263946.1802,75611.40219,72854.52534,43982.70949,11281.78732,55162.66276,251709.2738,442662.4778,492132.9194,-8843.379548,-260017.1037,7769613.051,-39052.94765
2128,98.85954514,1058.690733,436.2542356,208.5737096,201.8549352,274273.0056,78453.30158,75644.44799,45736.72163,11574.67561,57150.14448,260924.5667,470044.0968,512990.8569,-9012.772286,-272835.9645,8204084.308,-40914.91227
2129,100.3026294,1095.748434,451.2637561,208.9591774,202.2520291,285003.8654,81402.01544,78541.20915,47560.68304,11875.16762,59209.23412,270477.2394,499119.4512,534732.8107,-9185.409699,-286286.796,8662850.889,-42865.65156
2130,101.7667788,1134.103278,466.7896857,209.3453575,202.6499043,296154.5673,84461.55847,81548.90013,49457.38327,12183.46075,61342.51168,280379.6437,529993.3095,557396.248,-9361.353939,-300400.7544,9147271.373,-44909.3981
2131,103.2523009,1173.800669,482.8497919,209.7322513,203.0485621,307741.5375,87636.09623,84671.76892,51429.72311,12499.75753,63552.65011,290644.5835,562776.9215,581020.2236,-9540.668347,-315210.5319,9658780.307,-47050.58629
2132,104.7595076,1214.887601,499.4624531,210.1198601,203.4480042,319781.8449,90929.95087,87914.22621,53480.71905,12824.26573,65842.41866,301285.3316,597588.4179,605645.4478,-9723.417478,-330750.4324,10198892.46,-49293.86196
2133,106.2887155,1257.412713,516.6466803,210.5081853,203.8482321,332293.2262,94347.607,91280.85155,55613.50785,13157.19855,68214.68637,312315.6466,634553.2369,631314.3564,-9909.667123,-347056.4511,10769207.3,-51644.09242
2134,107.8402458,1301.426345,534.4221385,210.8972282,204.2492473,345294.112,97893.71776,94776.39989,57831.35138,13498.77469,70672.42564,323749.791,673804.5759,658071.1833,-10099.48433,-364166.3576,11371413.74,-54106.37705
2135,109.4144242,1346.9806,552.8091691,211.28699,204.6510514,358803.654,101573.1112,98405.80828,60137.64159,13849.21855,73218.71596,335602.5492,715483.8714,685962.0377,-10292.93745,-382119.7836,12007295.14,-56686.05838
2136,111.0115814,1394.129406,571.8288138,211.6774722,205.053646,372841.7534,105390.7968,102174.2028,62535.90569,14208.76033,75856.74778,347889.247,759741.3085,715034.9827,-10490.09611,-400958.3148,12678734.58,-59388.73364
2137,112.6320528,1442.928578,591.5028377,212.068676,205.4570325,387429.0898,109351.9724,106086.9058,65029.81156,14577.63624,78589.8265,360625.7714,806736.3625,745340.1186,-10691.03129,-420725.5868,13387720.43,-62220.26692
2138,114.2761787,1493.435883,611.8537551,212.4606028,205.8612126,402587.1518,113462.0311,110149.4436,67623.17336,14956.08859,81421.37661,373828.591,856638.3733,776929.6688,-10895.81534,-441467.3867,14136352.27,-65186.80191
2139,115.9443045,1545.711112,632.9048549,212.853254,206.2661878,418338.2691,117726.5689,114367.554,70319.95735,15344.366,84354.94598,387514.7771,909627.1554,809858.0705,-11104.52197,-463231.7587,14926847.08,-68294.77522
2140,117.6367805,1599.816147,654.6802271,213.2466308,206.6719597,434705.6448,122151.3918,118747.1945,73124.28796,15742.72355,87394.21031,401702.0263,965893.6461,844182.0678,-11317.22633,-486069.1157,15761545.79,-71550.93034
2141,119.353962,1655.81504,677.2047907,213.6407346,207.0785298,451713.3897,126742.5243,123294.5508,76040.45411,16151.42292,90542.97773,416408.6828,1025640.594,879960.8099,-11534.00499,-510032.3559,16642920.26,-74962.33227
2142,121.0962098,1713.77408,700.5043219,214.0355668,207.4858998,469386.5583,131506.2172,128016.0456,79072.91575,16570.7326,93805.19359,431653.7627,1089083.287,917255.9528,-11754.93599,-535176.9855,17573580.57,-78536.38286
2143,122.8638898,1773.761879,724.6054837,214.4311286,207.8940711,487751.1849,136448.9563,132918.3473,82226.3107,17000.92804,97184.94537,447456.9781,1156450.334,956131.7657,-11980.09886,-561561.2471,18556282.74,-82280.83687
2144,124.6573731,1835.849451,749.5358567,214.8274215,208.3030454,506834.3228,141577.4713,138008.3799,85505.46172,17442.29186,100686.4678,463838.7627,1227984.48,996655.2418,-12209.57468,-589246.2545,19593936.93,-86203.81879
2145,126.4770365,1900.110295,775.3239703,215.2244468,208.7128242,526664.0835,146898.7445,143293.3324,88915.38392,17895.114,104314.1483,480820.2986,1303943.489,1038896.214,-12443.44605,-618296.1347,20689616,-90313.84045
2146,128.323262,1966.620483,801.9993353,215.6222058,209.1234092,547269.6784,152420.0209,148780.6692,92461.2924,18359.69192,108072.5322,498423.5432,1384601.068,1082927.473,-12681.79717,-648778.1759,21846564.67,-94619.81954
2147,130.1964376,2035.458748,829.5924781,216.0207,209.5348019,568681.4618,158148.8178,154478.1404,96148.61023,18836.33083,111966.3287,516671.2576,1470247.855,1128824.898,-12924.71384,-680762.9839,23068209.08,-99131.0989
2148,132.0969564,2106.706582,858.1349752,216.4199306,209.9470039,590930.9756,164092.9349,160393.793,99982.97676,19325.34383,116000.4166,535587.0366,1561192.466,1176667.58,-13172.28352,-714324.645,24358166.99,-103857.4668
2149,134.0252178,2180.448327,887.6594896,216.819899,210.3600167,614050.9959,170260.4652,166535.9821,103970.2562,19827.05218,120179.8506,555195.3384,1657762.605,1226537.967,-13424.59534,-749540.8983,25720258.43,-108809.1783
2150,135.9816266,2256.771279,918.199808,217.2206066,210.7738421,638075.581,176659.8057,172913.383,108116.5467,20341.78546,124509.8674,575521.5171,1760306.251,1278521.996,-13681.74013,-786493.3152,27158517.06,-113996.9772
2151,137.9665937,2335.765789,949.7908796,217.6220548,211.1884815,663040.1216,183299.6693,179535.0027,112428.1896,20869.88181,128995.8924,596591.8547,1869192.903,1332709.251,-13943.81046,-825267.4888,28677202.09,-119432.1198
2152,139.980536,2417.525369,982.4688561,218.0242449,211.6039367,688981.3934,190189.096,186410.1936,116911.779,21411.68816,133643.5466,618433.5954,1984814.918,1389193.11,-14210.90068,-865953.2318,30280810.91,-125126.3989
2153,142.0238765,2502.146807,1016.271133,218.4271783,212.0202091,715937.6107,197337.466,193548.6661,121574.172,21967.56043,138458.6532,641074.981,2107588.925,1448070.908,-14483.10695,-908644.7846,31974092.41,-131092.1695
2154,144.0970442,2589.730277,1051.236392,218.8308563,212.4373005,743948.483,204754.5117,200960.5023,126422.4994,22537.86379,143447.2457,664545.2872,2237957.32,1509444.109,-14760.52727,-953441.0339,33762061,-137342.3759
2155,146.2004747,2680.37946,1087.404646,219.2352804,212.8552123,773055.2733,212450.3314,208656.1705,131464.176,23122.97289,148615.5745,688874.8616,2376389.868,1573418.474,-15043.2615,-1000445.741,35650011.53,-143890.5793
2156,148.3346096,2774.201666,1124.817285,219.6404519,213.2739463,803300.8593,220435.4031,216646.54,136706.9126,23723.27209,153970.1155,714095.1625,2523385.39,1640104.247,-15331.41143,-1049767.784,37643534.91,-150750.9876
2157,150.4998971,2871.307962,1163.517123,220.0463722,213.693504,834729.7958,228720.5985,224942.8962,142158.7273,24339.15576,159517.5777,740238.8003,2679473.563,1709616.345,-15625.08081,-1101521.407,39748534.72,-157938.4862
2158,152.696792,2971.813302,1203.548445,220.4530427,214.1138871,867388.3814,237317.1978,233556.9566,147827.9581,24971.02849,165264.9122,767339.5793,2845216.828,1782074.556,-15924.37535,-1155826.487,41971244.61,-165468.67
2159,154.9257558,3075.836663,1244.957063,220.8604648,214.5350971,901324.7255,246236.9054,242500.8876,153723.2755,25619.30536,171219.32,795432.541,3021212.416,1857603.744,-16229.4028,-1212808.81,44318246.88,-173357.8776
2160,157.1872564,3183.501188,1287.790363,221.2686398,214.9571358,936588.8203,255491.8655,251787.3213,159853.6957,26284.41225,177388.262,824554.0102,3208094.503,1936334.065,-16540.27298,-1272600.367,46796491.84,-181623.2264
2161,159.4817688,3294.934331,1332.097362,221.6775692,215.3800048,973232.6136,265094.6788,261429.3737,166228.5946,26966.7861,183779.4678,854741.6414,3406536.489,2018401.192,-16857.0978,-1335339.651,49413318.51,-190282.6501
2162,161.809775,3410.268004,1377.928762,222.0872543,215.8037056,1011310.086,275058.4195,271440.663,172857.7217,27666.87515,190400.9454,886034.4678,3617253.433,2103946.548,-17179.99132,-1401171.986,52176476.27,-199354.9375
2163,164.1717638,3529.63874,1425.337012,222.4976966,216.2282399,1050877.329,285396.6533,281835.329,179751.2156,28385.13933,197260.9913,918472.9514,3841004.621,2193117.55,-17509.06978,-1470249.859,55094147.85,-208859.7729
2164,166.5682313,3653.187849,1474.376364,222.9088974,216.6536094,1091992.63,296123.4557,292628.0528,186919.6192,29122.05049,204368.201,952099.0358,4078596.309,2286067.863,-17844.45166,-1542733.277,58174973.57,-218817.7795
2165,168.9996808,3781.061588,1525.102937,223.3208582,217.0798156,1134716.557,307253.4314,303834.0778,194373.8958,29878.09271,211731.4798,986956.2001,4330884.623,2382957.664,-18186.2577,-1618790.132,61428076.87,-229250.5634
2166,171.466623,3913.411334,1577.57478,223.7335803,217.5068604,1179112.047,318801.7338,315469.2312,202125.4458,30653.76266,219360.0536,1023089.515,4598778.648,2483953.919,-18534.61094,-1698596.595,64863091.41,-240180.7611
2167,173.9695759,4050.393761,1631.85194,224.1470652,217.9347452,1225244.498,330784.0861,327549.9461,210186.1244,31449.56991,227263.481,1060545.702,4883243.7,2589230.671,-18889.63681,-1782337.522,68490189.52,-251632.0882
2168,176.5090652,4192.17103,1687.99653,224.5613142,218.3634717,1273181.869,343216.8021,340093.2852,218568.2595,32266.03724,235451.6646,1099373.192,5185304.808,2698969.34,-19251.46311,-1870206.882,72320112.39,-263629.3912
2169,179.0856243,4338.910976,1746.072799,224.9763289,218.7930417,1322994.778,356116.8091,353116.9643,227284.6706,33103.701,243934.8643,1139622.19,5506050.405,2813359.034,-19620.2201,-1962408.208,76364201.84,-276198.7011
2170,181.6997942,4490.787308,1806.147208,225.3921105,219.2234567,1374756.603,369501.6706,366639.3778,236348.6886,33963.11149,252723.7091,1181344.738,5846636.251,2932596.875,-19996.04054,-2059155.065,80634433.9,-289367.2899
2171,184.3521239,4647.979817,1868.288503,225.8086605,219.6547184,1428543.597,383389.61,380679.6245,245774.1759,34844.83328,261829.2114,1224594.784,6208289.597,3056888.341,-20379.05973,-2160671.549,85143454.31,-303163.7301
2172,187.0431706,4810.674588,1932.567798,226.2259804,220.0868286,1484434.992,397799.5358,395257.5344,255575.5477,35749.44558,271262.7802,1269428.252,6592313.609,3186447.62,-20769.41555,-2267192.802,89904615.95,-317617.9563
2173,189.7734993,4979.064217,1999.05865,226.6440715,220.5197887,1542513.124,412751.0673,410393.6971,265767.7941,36677.54267,281036.2354,1315903.112,7000092.06,3321497.974,-21167.24854,-2378965.56,94932018.37,-332761.3305
2174,192.5436835,5153.348044,2067.83715,227.0629353,220.9536007,1602863.548,428264.5609,426109.4906,276366.503,37629.73423,291161.8232,1364079.456,7433094.322,3462272.132,-21572.70193,-2496248.723,100240549.6,-348626.7097
2175,195.354305,5333.732385,2138.982004,227.4825732,221.388266,1665575.166,444361.1384,442427.1114,287387.8841,38606.6458,301652.2305,1414019.578,7892880.653,3609012.682,-21985.92167,-2619313.954,105845930.1,-365248.5178
2176,198.205954,5520.430779,2212.574628,227.9029866,221.8237864,1730740.36,461062.7153,459369.6063,298848.7932,39608.91912,312520.6017,1465788.05,8381107.828,3761972.499,-22407.05654,-2748446.309,111764759.5,-382662.8196
2177,201.0992295,5713.664239,2288.699239,228.324177,222.2601636,1798455.125,478392.0309,476960.9044,310766.7586,40637.21262,323780.5546,1519451.811,8899535.102,3921415.17,-22836.25814,-2883944.898,118014565.7,-400907.3998
2178,204.034739,5913.661513,2367.442952,228.7461458,222.6973992,1868819.213,496372.679,495225.8512,323160.0075,41692.20181,335446.1976,1575080.248,9450030.551,4087615.457,-23273.68099,-3026123.576,124613856.6,-420021.8441
2179,207.013099,6120.659357,2448.895876,229.1688945,223.1354949,1941936.277,515029.1405,514190.2438,336047.494,42774.57974,347532.1477,1632745.29,10034577.81,4260859.766,-23719.48256,-3175311.673,131582175.1,-440047.6261
2180,210.0349352,6334.902815,2533.151225,229.5924244,223.5744525,2017914.027,534386.8162,533880.8671,349448.9281,43885.05747,360053.5481,1692521.499,10655283.2,4441446.642,-24173.82336,-3331854.753,138940157.1,-461028.1964
2181,213.100882,6556.645508,2620.305416,230.0167371,224.0142737,2096864.387,554472.0616,554325.5315,363384.8058,45024.36448,373026.0881,1754486.166,11314383.35,4629687.283,-24636.86694,-3496115.418,146709592.3,-483009.0773
2182,216.2115835,6786.149934,2710.458186,230.441834,224.45496,2178903.659,575312.2228,575553.1128,377876.4405,46193.24922,386466.0218,1818719.413,12014253.22,4825906.077,-25108.78,-3668474.144,154913488.7,-506037.9616
2183,219.3676928,7023.687778,2803.712702,230.8677165,224.8965133,2264152.697,596935.6739,597593.5922,392945.9955,47392.47957,400390.1893,1885304.295,12757414.71,5030441.16,-25589.73244,-3849330.167,163576141.3,-530164.816
2184,222.5698729,7269.540238,2900.175681,231.294386,225.3389352,2352737.08,619371.8551,620478.0993,408616.5182,48622.84333,414816.0372,1954326.906,13546545.68,5243644.998,-26079.8974,-4039102.405,172723203.2,-555441.9894
2185,225.8187962,7523.998353,2999.957512,231.7218441,225.7822275,2444787.305,642651.3136,644238.9556,424911.9747,49885.14876,429761.6408,2025876.494,14384489.64,5465884.997,-26579.45136,-4238230.426,182381762.3,-581924.3268
2186,229.1151451,7787.363349,3103.17238,232.1500922,226.2263918,2540438.97,666805.7443,668909.7204,441857.2873,51180.22511,445245.7267,2100045.574,15274266.02,5697544.134,-27088.57414,-4447175.473,192580421.3,-609669.2878
2187,232.4596119,8059.946997,3209.938402,232.5791317,226.6714299,2639832.982,691868.0337,694525.238,459478.3719,52508.92314,461287.696,2176930.048,16219080.98,5939021.618,-27607.44905,-4666421.524,203349382,-638737.0717
2188,235.8528989,8342.07198,3320.377757,233.0089642,227.1173434,2743115.759,717872.304,721121.6874,477802.178,53872.11571,477907.649,2256629.329,17222339.04,6190733.578,-28136.26287,-4896476.421,214720535.3,-669190.7482
2189,239.2957187,8634.072277,3434.616826,233.439591,227.5641342,2850439.448,744853.9602,748736.6327,496856.7299,55270.69834,495126.4102,2339246.469,18287655.28,6453113.778,-28675.206,-5137873.039,226727555.5,-701096.3935
2190,242.7887946,8936.293557,3552.786341,233.8710137,228.011804,2961962.148,772849.738,777409.0767,516671.1693,56705.58981,512965.5543,2424888.293,19418868.41,6726614.368,-29224.47244,-5391170.527,239405999.8,-734523.2348
2191,246.3328599,9249.093588,3675.021531,234.3032337,228.4603544,3077848.144,801897.7537,807179.5156,537275.8003,58177.73271,531447.4334,2513665.539,20620054.61,7011706.66,-29784.25995,-5656955.599,252793413.7,-769543.7994
2192,249.9286591,9572.842661,3801.462276,234.7362525,228.9097871,3198268.15,832037.5563,838089.9965,558702.1355,59688.09416,550595.2049,2605692.995,21895542.16,7308881.942,-30354.77005,-5935843.892,266929442.3,-806234.0729
2193,253.5769474,9907.92403,3932.253272,235.1700715,229.3601041,3323399.557,863310.1813,870184.1767,580982.9439,61237.66634,570432.8605,2701089.656,23249927.1,7618652.324,-30936.20812,-6228481.397,281855947.6,-844673.6635
2194,257.2784908,10254.73436,4067.544189,235.6046923,229.8113069,3453426.698,895758.2064,903507.3854,604152.3018,62827.46722,590985.2564,2799978.871,24688089.76,7941551.622,-31528.7835,-6535545.951,297617132.4,-884945.9752
2195,261.0340669,10613.68421,4207.489851,236.0401164,230.2633973,3588541.116,929425.8098,938106.6873,628245.6439,64458.54117,612278.1443,2902488.504,26215212.34,8278136.273,-32132.70951,-6857748.808,314259671.6,-927138.3883
2196,264.8444643,10985.1985,4352.250405,236.4763451,230.7163771,3728941.851,964358.83,974030.9499,653299.8186,66131.95969,634338.2037,3008751.104,27836797.62,8628986.302,-32748.20358,-7195836.288,331832849.8,-971342.4492
2197,268.7104833,11369.71703,4501.991511,236.91338,231.170248,3874835.729,1000604.829,1011330.912,679353.1432,67848.8221,657193.0755,3118904.069,29558688.74,8994706.313,-33375.48728,-7550591.503,350388707.7,-1017654.069
2198,272.6329358,11767.69498,4656.884525,237.3512227,231.6250117,4026437.666,1038213.154,1050059.254,706445.4636,69610.25624,680871.3964,3233089.828,31387090.27,9375926.538,-34014.78644,-7922836.175,369982195.9,-1066173.733
2199,276.6126456,12179.60349,4817.106702,237.7898745,232.0806701,4183970.989,1077235.011,1090270.677,734618.2145,71417.41927,705402.8346,3351456.026,33328590.6,9773303.916,-34666.33122,-8313432.534,390671338.2,-1117006.714
2200,280.6504485,12605.93017,4982.841395,238.229337,232.5372249,4347667.763,1117723.528,1132021.973,763914.4829,73271.49834,730818.1277,3474155.713,35390185.65,10187523.23,-35330.35618,-8723285.319,412517402.6,-1170263.309
2201,284.7471925,13047.1797,5154.278263,238.6696116,232.9946778,4517769.13,1159733.83,1175372.111,794379.0743,75173.71145,757149.1204,3601347.54,37579304.06,10619298.3,-36007.10037,-9153343.875,435585083.5,-1226059.068
2202,288.903738,13503.87444,5331.613492,239.1107,233.4530306,4694525.669,1203323.113,1220382.318,826058.5809,77125.30823,784428.8049,3733195.97,39903834.01,11069373.17,-36696.80743,-9604604.347,459942692.7,-1284515.055
2203,293.1209579,13976.55501,5515.050019,239.5526035,233.9122851,4878197.761,1248550.726,1267116.166,859001.4531,79127.57072,812691.3621,3869871.484,42372151.6,11538523.44,-37399.72566,-10078111.99,485662362.2,-1345758.105
2204,297.3997378,14465.78097,5704.797761,239.9953237,234.3724431,5069055.976,1295478.246,1315639.66,893258.0733,81181.81427,841972.2044,4011550.806,44993151.05,12027557.58,-38116.10811,-10574963.59,512820257.4,-1409921.097
2205,301.7409765,14972.13148,5901.073858,240.4388621,234.8335063,5267381.469,1344169.564,1366021.333,928880.8332,83289.38837,872308.02,4158417.13,47776276.75,12537318.33,-38846.21269,-11096310.01,541496802.9,-1477143.249
2206,306.1455857,15496.20593,6104.102921,240.8832203,235.2954765,5473466.395,1394690.974,1418332.344,965924.2139,85451.67753,903736.8191,4310660.357,50731557.3,13068684.13,-39590.30224,-11643358.85,571776920.4,-1547570.417
2207,310.6144903,16038.62474,6314.117289,241.3283996,235.7583555,5687614.34,1447111.261,1472646.575,1004444.869,87670.10223,936297.9813,4468477.339,53869641.6,13622570.66,-40348.64464,-12217377.22,603750280.7,-1621355.407
2208,315.1486289,16600.03001,6531.357294,241.7744017,236.2221451,5910140.767,1501501.796,1529040.739,1044501.712,89946.11981,970032.3051,4632072.136,57201837.3,14199932.42,-41121.5129,-12819694.75,637511568.7,-1698658.315
2209,319.7489538,17181.08634,6756.071538,242.221228,236.6868471,6141373.483,1557936.632,1587594.485,1086156.006,92281.22545,1004982.059,4801656.279,60740151.46,14801764.35,-41909.18526,-13451706.56,673160763.9,-1779646.867
2210,324.4164312,17782.48157,6988.517176,242.6688802,237.1524632,6381653.118,1616492.604,1648390.514,1129471.455,94676.95314,1041191.034,4977449.044,64497333.9,15429103.55,-42711.94529,-14114876.61,710803436.9,-1864496.787
2211,329.1520411,18404.92764,7228.960209,243.1173596,237.6189953,6631333.632,1677249.437,1711514.692,1174514.306,97134.8767,1078704.599,5159677.733,68486923.06,16083031.11,-43530.08198,-14810740.98,750551061.4,-1953392.179
2212,333.9567783,19049.16139,7477.67579,243.5666679,238.0864452,6890782.831,1740289.852,1777056.175,1221353.447,99656.6108,1117569.758,5348577.971,72723294.86,16764673.9,-44363.88989,-15540911.51,792521345,-2046525.92
2213,338.8316518,19715.94547,7734.948542,244.0168066,238.5548147,7160382.911,1805699.678,1845107.531,1270060.514,102243.8121,1157835.209,5544394.009,77221714.43,17475206.58,-45213.66917,-16307079.5,836838577.1,-2144100.088
2214,343.7776853,20406.06921,8001.072877,244.4677771,239.0241055,7440531.025,1873567.971,1915764.876,1320709.998,104898.1801,1199551.402,5747379.04,81998391.18,18215853.57,-46079.72577,-17111019.62,883633997.4,-2246326.392
2215,348.7959177,21120.34958,8276.353338,244.9195811,239.4943196,7731639.86,1943987.134,1989128.003,1373379.363,107621.4585,1242770.608,5957795.528,87070537.16,18987891.2,-46962.37146,-17954594.04,933046184.5,-2353426.637
2216,353.8874028,21859.63215,8561.104945,245.3722201,239.9654587,8034138.253,2017053.043,2065300.53,1428149.16,110415.4365,1287546.98,6175915.545,92456429.11,19792649.9,-47861.92402,-18839756.74,985221466,-2465633.203
2217,359.0532099,22624.79206,8855.653557,245.8256956,240.4375246,8348471.817,2092865.178,2144390.04,1485103.154,113281.9493,1333936.62,6402021.122,98175474.31,20631516.47,-48778.70728,-19768558.02,1040314352,-2583189.548
2218,364.294424,23416.73512,9160.336245,246.2800092,240.9105192,8675103.599,2171526.757,2226508.239,1544328.449,116222.8802,1381997.655,6636404.62,104248280.5,21505936.5,-49713.05129,-20743149.27,1098487994,-2706350.739
2219,369.6121457,24236.39882,9475.501676,246.7351624,241.3844442,9014514.764,2253144.878,2311771.107,1605915.624,119240.161,1431790.303,6879369.099,110696730.1,22417416.83,-50665.29244,-21765787.93,1159914664,-2835384.004
2220,375.0074919,25084.75349,9801.510513,247.1911568,241.8593016,9367205.303,2337830.664,2400299.068,1669958.87,122335.7739,1483376.955,7131228.716,117544059.3,23367528.2,-51635.77352,-22838842.75,1224776270,-2970569.311
2221,380.4815957,25962.80339,10138.73583,247.647994,242.3350931,9733694.767,2425699.416,2492217.157,1736556.135,125511.7526,1536822.246,7392309.13,124814941.3,24357907.88,-52624.84393,-23964799.24,1293264892,-3112199.976
2222,386.0356068,26871.58796,10487.56353,248.1056754,242.8118206,10114523.04,2516870.767,2587655.197,1805809.27,128770.1833,1592193.143,7662947.923,132535575.8,25390262.55,-53632.85974,-25146265.46,1365583348,-3260583.302
2223,391.6706915,27812.18301,10848.39281,248.5642026,243.289486,10510251.11,2611468.847,2686747.982,1877824.192,132113.2067,1649559.024,7943495.035,140733782.8,26466371.23,-54660.18384,-26385978.05,1441945801,-3416041.241
2224,397.3880333,28785.70203,11221.63657,249.0235773,243.768091,10921461.94,2709622.452,2789635.47,1952711.038,135543.0188,1708991.768,8234313.218,149439103.5,27588088.35,-55707.18607,-27686808.55,1522578389,-3578911.097
2225,403.188833,29793.29745,11607.72195,249.4838009,244.2476375,11348761.29,2811465.219,2896462.975,2030584.341,139061.8728,1770565.843,8535778.504,158682906.2,28757346.89,-56774.24338,-29051770.08,1607719894,-3749546.254
2226,409.0743088,30836.16207,12007.09078,249.9448751,244.7281275,11792778.62,2917135.807,3007381.379,2111563.199,142672.0804,1834358.399,8848280.694,168498499.5,29976161.81,-57861.7399,-30484024.31,1697622451,-3928316.945